3,674d780b5e0261cf9cca93bf
4,674d78105e0261cf9cca93c0
6,674d78145e0261cf9cca93c2
10,674d78185e0261cf9cca93c4
28,674d781a5e0261cf9cca93c5
30,674d781c5e0261cf9cca93c6
32,674d781d5e0261cf9cca93c7
5,674d78125e0261cf9cca93c1
8,674d78165e0261cf9cca93c3
137,674d78205e0261cf9cca93c8
30,674d781c5e0261cf9cca93c6
32,674d781d5e0261cf9cca93c7
142,675017c90952fcad70f07960
144,675017cb0952fcad70f07961
10,674d78185e0261cf9cca93c4
28,674d781a5e0261cf9cca93c5
8,674d78165e0261cf9cca93c3
137,674d78205e0261cf9cca93c8
140,675017c30952fcad70f0795e
141,675017c70952fcad70f0795f
3,674d780b5e0261cf9cca93bf
4,674d78105e0261cf9cca93c0
6,674d78145e0261cf9cca93c2
5,674d78125e0261cf9cca93c1
328,675017cd0952fcad70f07962
